Workbook

Sheet Raw_Data
A1: ticket_id | B1: thread_id | C1: recieved_date | D1: recieved_time | E1: customer_email | F1: customer_name | G1: subject | H1: clean_body | I1: ai_reply | J1: category | K1: priority | L1: sentiment | M1: confidence_score | N1: requires_human | O1: draft_created_time | P1: response_status | Q1: replied_time | R1: response_time_duration
A2: TKT-1778681436146 | B2: 19e1fee7af5c852e | C2: 05/13/2026 | D2: 0.085300926 | E2: udarafiverr01@gmail.com | F2: udara herath | H2: hi | I2: Hello Udara Herath, Thank you for reaching out to us. How may we assist you today? Please provide us with more details so that we can better serve your needs. Best Regards, ABC Company | J2: OTHER | K2: LOW | L2: NEUTRAL | M2: 0.5 | N2: FALSE | O2: 46155.424 | P2: REPLIED | Q2: 46155.428 | R2: 5m

Sheet Dashboard (1)
B2: Automatic Email Analytics Dashboard | H2: Select Time Period: | I2: This Week
H3: Updates charts & KPIs automatically
B5: Total Emails | D5: Total Spam | F5: Requires Human
B6: =COUNTA(Raw_Data!$A:$A) -> 2 | D6: =COUNTIF(Raw_Data!$J:$J, "SPAM_DO_NOT_RESPOND") -> 0 | F6: =COUNTIF(Raw_Data!$N:$N, 1) -> 0
B8: Distribution of Urgency based on selected time period. | F8: Ticket categorization based on selected time period.
B23: Emotional tone of customers based on selected time. | F23: Fixed 30-day view of incoming email volume.

Sheet ChartData
A1: Priority | B1: Count | D1: Category | E1: Count | G1: Sentiment | H1: Count | K1: Selected: | L1: ='Dashboard (1)'!$I$2 -> This Week | N1: Date | O1: Count
A2: LOW | B2: =COUNTIF(Raw_Data!$K:$K,"LOW") -> 1 | D2: OTHER | E2: =COUNTIF(Raw_Data!$J:$J,"OTHER") -> 1 | G2: NEUTRAL | H2: =COUNTIF(Raw_Data!$L:$L,"NEUTRAL") -> 1 | K2: Start Date: | L2: =IF(L1="Today", TODAY(), IF(L1="This Week", TODAY()-WEEKDAY(TODAY(),2)+1, IF(L1="This Month", EOMONTH(TODAY(),-1)+1, DATE(2000,1,1)))) -> 46153 | N2: 2026-04-11 | O2: =COUNTIF(Raw_Data!$C:$C, N2) -> 0
A3: MEDIUM | B3: =COUNTIF(Raw_Data!$K:$K,"MEDIUM") -> 0 | D3: SPAM_DO_NOT_RESPOND | E3: =COUNTIF(Raw_Data!$J:$J,"SPAM_DO_NOT_RESPOND") -> 0 | G3: ANGRY | H3: =COUNTIF(Raw_Data!$L:$L,"ANGRY") -> 0 | K3: End Date: | L3: =TODAY() -> 46155 | N3: 2026-04-12 | O3: =COUNTIF(Raw_Data!$C:$C, N3) -> 0
A4: UNKNOWN | B4: =COUNTIF(Raw_Data!$K:$K,"UNKNOWN") -> 0 | D4: LOYALTY_POINTS | E4: =COUNTIF(Raw_Data!$J:$J,"LOYALTY_POINTS") -> 0 | G4: HAPPY | H4: =COUNTIF(Raw_Data!$L:$L,"HAPPY") -> 0 | N4: 2026-04-13 | O4: =COUNTIF(Raw_Data!$C:$C, N4) -> 0
A5: HIGH | B5: =COUNTIF(Raw_Data!$K:$K,"HIGH") -> 0 | D5: PRODUCT_QUESTION | E5: =COUNTIF(Raw_Data!$J:$J,"PRODUCT_QUESTION") -> 0 | K5: Total Emails | L5: =COUNTIFS(#REF!, ">=" & $L$2,#REF!, "<=" & $L$3) -> 0 | N5: 2026-04-14 | O5: =COUNTIF(Raw_Data!$C:$C, N5) -> 0
D6: CUSTOMER_COMPLAINT | E6: =COUNTIF(Raw_Data!$J:$J,"CUSTOMER_COMPLAINT") -> 0 | K6: Total Spam | L6: =COUNTIFS(#REF!, "SPAM_DO_NOT_RESPOND",#REF!, ">=" & $L$2,#REF!, "<=" & $L$3) -> 0 | N6: 2026-04-15 | O6: =COUNTIF(Raw_Data!$C:$C, N6) -> 0
D7: CUSTOMER_SATISFACTION | E7: =COUNTIF(Raw_Data!$J:$J,"CUSTOMER_SATISFACTION") -> 0 | K7: Requires Human | L7: =COUNTIFS(#REF!, TRUE,#REF!, ">=" & $L$2,#REF!, "<=" & $L$3) -> 0 | N7: 2026-04-16 | O7: =COUNTIF(Raw_Data!$C:$C, N7) -> 0
K8: Avg Confidence | L8: =IFERROR(AVERAGEIFS(#REF!,#REF!, ">=" & $L$2,#REF!, "<=" & $L$3), 0) -> 0 | N8: 2026-04-17 | O8: =COUNTIF(Raw_Data!$C:$C, N8) -> 0
N9: 2026-04-18 | O9: =COUNTIF(Raw_Data!$C:$C, N9) -> 0
N10: 2026-04-19 | O10: =COUNTIF(Raw_Data!$C:$C, N10) -> 0
N11: 2026-04-20 | O11: =COUNTIF(Raw_Data!$C:$C, N11) -> 0
N12: 2026-04-21 | O12: =COUNTIF(Raw_Data!$C:$C, N12) -> 0
N13: 2026-04-22 | O13: =COUNTIF(Raw_Data!$C:$C, N13) -> 0
N14: 2026-04-23 | O14: =COUNTIF(Raw_Data!$C:$C, N14) -> 0
N15: 2026-04-24 | O15: =COUNTIF(Raw_Data!$C:$C, N15) -> 0
N16: 2026-04-25 | O16: =COUNTIF(Raw_Data!$C:$C, N16) -> 0
N17: 2026-04-26 | O17: =COUNTIF(Raw_Data!$C:$C, N17) -> 0
N18: 2026-04-27 | O18: =COUNTIF(Raw_Data!$C:$C, N18) -> 0
N19: 2026-04-28 | O19: =COUNTIF(Raw_Data!$C:$C, N19) -> 0
N20: 2026-04-29 | O20: =COUNTIF(Raw_Data!$C:$C, N20) -> 0
... N31: 2026-05-10 | O31: =COUNTIF(Raw_Data!$C:$C, N31) -> 0
